{"app":["/app-4d2581f6e7df45e31d0f.js"],"component---node-modules-gatsby-plugin-offline-app-shell-js":["/component---node-modules-gatsby-plugin-offline-app-shell-js-cf2fd0f92da7499f18b1.js"],"component---src-templates-not-found-template-js":["/component---src-templates-not-found-template-js-02cfa543340126fe577d.js"],"component---src-templates-tags-list-template-js":["/component---src-templates-tags-list-template-js-a6fc8122a3a6473f95e0.js"],"component---src-templates-categories-list-template-js":["/component---src-templates-categories-list-template-js-b76a965f207ca7381362.js"],"component---src-templates-page-template-js":["/component---src-templates-page-template-js-30c9f68011554c8c6d0c.js"],"component---src-templates-post-template-js":["/component---src-templates-post-template-js-5f449cae0bb2fa9985ef.js"],"component---src-templates-tag-template-js":["/component---src-templates-tag-template-js-c657d0fe7aba4a2367a2.js"],"component---src-templates-category-template-js":["/component---src-templates-category-template-js-b7f06dc58e8dcbee435c.js"],"component---src-templates-index-template-js":["/component---src-templates-index-template-js-c9646f97a37d413e4fcf.js"]}