{"data":{"allMarkdownRemark":{"group":[{"fieldValue":"Design","totalCount":1},{"fieldValue":"Gatsby","totalCount":1},{"fieldValue":"Handwriting","totalCount":1},{"fieldValue":"Helvetica","totalCount":1},{"fieldValue":"History of typography","totalCount":1},{"fieldValue":"Learning to write","totalCount":1},{"fieldValue":"Linotype","totalCount":1},{"fieldValue":"Monotype","totalCount":1},{"fieldValue":"Open source","totalCount":1},{"fieldValue":"Typography","totalCount":2},{"fieldValue":"Web Development","totalCount":1}]}}}