{"data":{"site":{"siteMetadata":{"author":{"name":"John Doe","bio":"Pellentesque odio nisi, euismod in, pharetra a, ultricies in, diam. Sed arcu.","photo":"/photo.jpg","contacts":{"facebook":"#","linkedin":"#","github":"#","twitter":"#","telegram":"#","instagram":"#","email":"","rss":"","vkontakte":"","line":"","gitlab":"","weibo":"","codepen":"","youtube":"","soundcloud":""}},"menu":[{"label":"Articles","path":"/"},{"label":"About me","path":"/pages/about"},{"label":"Contact me","path":"/pages/contacts"}],"url":"https://lumen.netlify.com","title":"Blog by John Doe","subtitle":"Pellentesque odio nisi, euismod in, pharetra a, ultricies in, diam. Sed arcu.","copyright":"© All rights reserved.","disqusShortname":""}}}}